id,title,content,category
1,FastAPIの基本的な使い方,FastAPIはPythonで高速なAPIを構築するためのフレームワークです。Pydanticベースの型検証と自動ドキュメント生成が特徴です。,API開発
2,FAISSによる類似度検索,FAISSはFacebookが開発した類似度検索ライブラリです。大規模なベクトルデータに対して高速な近似最近傍検索を提供します。,機械学習
3,RAGシステムの構築方法,Retrieval-Augmented Generationは知識ベースから関連情報を取得してLLMの回答を補強する手法です。,自然言語処理
4,データ前処理のベストプラクティス,テキストデータの前処理では正規化、トークン化、ベクトル化が重要な要素となります。,データサイエンス
5,エンベディングモデルの選択,sentence-transformersライブラリは多言語対応の文章埋め込みモデルを提供します。日本語には特に日本語特化モデルが推奨されます。,機械学習
6,Pythonの基礎文法,Pythonは動的型付け言語で、シンプルで読みやすい構文が特徴です。データサイエンスやWebアプリケーション開発で広く使用されています。,プログラミング
7,機械学習の基本概念,機械学習は教師あり学習、教師なし学習、強化学習の3つに分類されます。アルゴリズムの選択とデータの品質が成功の鍵となります。,機械学習
8,Dockerの基本的な使い方,Dockerはコンテナ化技術で、アプリケーションを軽量で移植可能な環境にパッケージ化できます。開発から本番環境まで一貫性を保てます。,DevOps
9,GitとGitHubの活用方法,Gitは分散型バージョン管理システムで、GitHubはGitリポジトリのホスティングサービスです。チーム開発やコード管理に欠かせないツールです。,開発ツール
10,SQLデータベース設計,SQLデータベースでは正規化によりデータの冗長性を排除し、効率的なクエリ実行を可能にします。インデックスの設計も重要な要素です。,データベース
11,Webスクレイピング技術,Webスクレイピングは自動化されたデータ収集手法です。BeautifulSoupやSeleniumを使用してWebページから情報を抽出できます。,データ収集
12,API設計のベストプラクティス,RESTful APIの設計では適切なHTTPメソッドの使用、一貫性のあるURLパターン、エラーハンドリングが重要です。,API開発
13,深層学習フレームワーク,TensorFlowとPyTorchは主要な深層学習フレームワークです。研究用途にはPyTorch、本番環境にはTensorFlowが向いています。,機械学習
14,クラウドサービス比較,AWS、Azure、GCPはそれぞれ特徴があります。コスト、サービス内容、技術サポートを総合的に評価して選択する必要があります。,クラウド
15,セキュリティ対策の基本,Webアプリケーションのセキュリティでは、HTTPS、認証・認可、入力検証、SQLインジェクション対策が基本的な要素です。,セキュリティ
16,テスト駆動開発手法,TDDは先にテストコードを書いてから実装するアプローチです。コードの品質向上とバグの早期発見に効果的な開発手法です。,開発手法
17,データ可視化ツール,MatplotlibやSeabornはPythonの代表的な可視化ライブラリです。データの傾向やパターンを視覚的に理解するために重要です。,データサイエンス
18,マイクロサービス設計,マイクロサービスアーキテクチャは独立してデプロイ可能な小さなサービスに分割します。スケーラビリティと保守性が向上します。,アーキテクチャ
19,自然言語処理の応用,自然言語処理は感情分析、翻訳、文書分類など様々な応用があります。Transformerモデルが現在の主流技術です。,自然言語処理
20,プログラムパフォーマンス最適化,プログラムの最適化では計算量の削減、メモリ使用量の改善、並列処理の活用が重要です。プロファイリングツールで問題を特定します。,プログラミング